,Province Code,Province,CSD Code,CSD Name / Nom de la SDR 2011,Census Population / Population de recensement 2011,CWB / IBC 2011,Community Type / Type de collectivité 2011,2A Population / Population 2A 2006,CWB / IBC 2006,2A Population / Population 2A 2001,CWB / IBC 2001,2A Population / Population 2A 1996,CWB / IBC 1996,CWB 2006/2011,CWB 2001/2006,CWB 1996/2001,POP 2006/2011,POP 2001/2006,POP 1996/2001
156,10,Newfoundland and Labrador,1003801,Samiajij Miawpukek,920.0,73,First Nations Communities,867.0,68,837.0,69,751,71,0.0684931506849315,-0.014705882352941176,-0.028985507246376812,0.057608695652173914,0.03460207612456748,0.1027479091995221
472,11,Prince Edward Island,1103035,Lennox Island 1,293.0,68,First Nations Communities,252.0,71,261.0,63,222,62,-0.04411764705882353,0.11267605633802817,0.015873015873015872,0.13993174061433447,-0.03571428571428571,0.14942528735632185
497,12,Nova Scotia,1202040,Yarmouth 33,157.0,66,First Nations Communities,155.0,65,118.0,62,73,51,0.015151515151515152,0.046153846153846156,0.1774193548387097,0.012738853503184714,0.23870967741935484,0.3813559322033898
501,12,Nova Scotia,1203009,Bear River (Part) 6,102.0,66,First Nations Communities,101.0,69,89.0,69,77,70,-0.045454545454545456,0.0,-0.014492753623188406,0.00980392156862745,0.1188118811881188,0.1348314606741573
523,12,Nova Scotia,1207002,Cambridge 32,144.0,64,First Nations Communities,120.0,68,104.0,60,80,65,-0.0625,0.11764705882352941,-0.08333333333333333,0.16666666666666666,0.13333333333333333,0.23076923076923078
535,12,Nova Scotia,1208014,Indian Brook 14,1084.0,61,First Nations Communities,1014.0,58,932.0,59,946,55,0.04918032786885246,-0.017241379310344827,0.06779661016949153,0.06457564575645756,0.08086785009861933,-0.015021459227467811
543,12,Nova Scotia,1210003,Millbrook 27,847.0,68,First Nations Communities,703.0,73,821.0,68,758,66,-0.07352941176470588,0.0684931506849315,0.029411764705882353,0.17001180637544275,-0.1678520625889047,0.07673568818514007
563,12,Nova Scotia,1212019,Fisher's Grant 24,467.0,65,First Nations Communities,429.0,64,394.0,60,315,55,0.015384615384615385,0.0625,0.08333333333333333,0.08137044967880086,0.08158508158508158,0.20050761421319796
572,12,Nova Scotia,1214010,Pomquet And Afton 23,373.0,63,First Nations Communities,361.0,55,303.0,55,283,47,0.12698412698412698,0.0,0.14545454545454545,0.032171581769437,0.16066481994459833,0.066006600660066
576,12,Nova Scotia,1215008,Whycocomagh 2,800.0,62,First Nations Communities,623.0,59,635.0,50,574,54,0.04838709677419355,0.15254237288135594,-0.08,0.22125,-0.019261637239165328,0.09606299212598425
581,12,Nova Scotia,1216014,Chapel Island 5,481.0,64,First Nations Communities,444.0,60,419.0,62,350,61,0.0625,-0.03333333333333333,0.016129032258064516,0.07692307692307693,0.05630630630630631,0.16467780429594273
582,12,Nova Scotia,1217008,Membertou 28B,912.0,73,First Nations Communities,726.0,69,621.0,66,612,63,0.0547945205479452,0.043478260869565216,0.045454545454545456,0.20394736842105263,0.1446280991735537,0.014492753623188406
583,12,Nova Scotia,1217020,Eskasoni 3,3309.0,58,First Nations Communities,2952.0,56,2741.0,54,2504,53,0.034482758620689655,0.03571428571428571,0.018518518518518517,0.10788757932910245,0.0714769647696477,0.08646479387085006
586,12,Nova Scotia,1218003,Wagmatcook 1,518.0,58,First Nations Communities,408.0,59,444.0,53,448,51,-0.017241379310344827,0.1016949152542373,0.03773584905660377,0.21235521235521235,-0.08823529411764706,-0.009009009009009009
620,13,New Brunswick,1303013,Oromocto 26,286.0,59,First Nations Communities,284.0,65,249.0,55,256,53,-0.1016949152542373,0.15384615384615385,0.03636363636363636,0.006993006993006993,0.12323943661971831,-0.028112449799196786
699,13,New Brunswick,1308015,Richibucto 15,1985.0,59,First Nations Communities,1897.0,61,1693.0,58,1403,55,-0.03389830508474576,0.04918032786885246,0.05172413793103448,0.04433249370277078,0.10753821823932525,0.17129356172474897
720,13,New Brunswick,1309023,Red Bank 4,352.0,68,First Nations Communities,383.0,70,343.0,65,268,63,-0.029411764705882353,0.07142857142857142,0.03076923076923077,-0.08806818181818182,0.10443864229765012,0.21865889212827988
729,13,New Brunswick,1309044,Burnt Church 14,1046.0,55,First Nations Communities,1120.0,55,1002.0,47,816,54,0.0,0.14545454545454545,-0.14893617021276595,-0.07074569789674952,0.10535714285714286,0.18562874251497005
753,13,New Brunswick,1310034,Devon 30,864.0,66,First Nations Communities,767.0,66,712.0,63,647,59,0.0,0.045454545454545456,0.06349206349206349,0.11226851851851852,0.07170795306388526,0.09129213483146068
778,13,New Brunswick,1312007,Tobique 20,1039.0,59,First Nations Communities,878.0,64,865.0,55,910,66,-0.0847457627118644,0.140625,-0.2,0.15495668912415783,0.014806378132118452,-0.05202312138728324
797,13,New Brunswick,1313020,St. Basile 10,205.0,76,First Nations Communities,166.0,76,135.0,63,105,68,0.0,0.17105263157894737,-0.07936507936507936,0.1902439024390244,0.18674698795180722,0.2222222222222222
818,13,New Brunswick,1314010,Eel River 3,320.0,68,First Nations Communities,312.0,68,299.0,65,281,62,0.0,0.04411764705882353,0.046153846153846156,0.025,0.041666666666666664,0.06020066889632107
836,13,New Brunswick,1315010,Pabineau 11,141.0,66,First Nations Communities,125.0,65,120.0,59,134,61,0.015151515151515152,0.09230769230769231,-0.03389830508474576,0.11347517730496454,0.04,-0.11666666666666667
912,24,Quebec,2406804,Listuguj,1850.0,64,First Nations Communities,1475.0,67,1442.0,63,1296,56,-0.046875,0.05970149253731343,0.1111111111111111,0.20270270270270271,0.022372881355932205,0.10124826629680998
1481,24,Quebec,2450802,Odanak,457.0,71,First Nations Communities,469.0,68,425.0,70,392,62,0.04225352112676056,-0.029411764705882353,0.11428571428571428,-0.0262582056892779,0.09381663113006397,0.07764705882352942
1620,24,Quebec,2462802,Manawan,2073.0,50,First Nations Communities,1843.0,50,1646.0,50,1416,46,0.0,0.0,0.08,0.11095031355523396,0.1068909386869235,0.13973268529769137
1914,24,Quebec,2485802,Kebaowek,284.0,70,First Nations Communities,270.0,71,242.0,69,205,66,-0.014285714285714285,0.028169014084507043,0.043478260869565216,0.04929577464788732,0.1037037037037037,0.15289256198347106
1916,24,Quebec,2485804,Winneway,317.0,52,First Nations Communities,185.0,52,154.0,52,161,41,0.0,0.0,0.21153846153846154,0.416403785488959,0.16756756756756758,-0.045454545454545456
1917,24,Quebec,2485806,Timiskaming,540.0,65,First Nations Communities,505.0,66,549.0,62,478,57,-0.015384615384615385,0.06060606060606061,0.08064516129032258,0.06481481481481481,-0.08712871287128712,0.12932604735883424
1961,24,Quebec,2488802,Pikogan,538.0,61,First Nations Communities,487.0,63,443.0,62,442,50,-0.03278688524590164,0.015873015873015872,0.1935483870967742,0.09479553903345725,0.09034907597535935,0.002257336343115124
1970,24,Quebec,2489802,Kitcisakik,339.0,47,First Nations Communities,294.0,34,219.0,31,214,32,0.2765957446808511,0.08823529411764706,-0.03225806451612903,0.13274336283185842,0.25510204081632654,0.0228310502283105
1971,24,Quebec,2489804,Lac-Simon,1403.0,44,First Nations Communities,1165.0,49,993.0,50,914,40,-0.11363636363636363,-0.02040816326530612,0.2,0.16963649322879543,0.14763948497854076,0.07955689828801611
1979,24,Quebec,2490802,Wemotaci,1194.0,56,First Nations Communities,1073.0,60,1042.0,51,856,52,-0.07142857142857142,0.15,-0.0196078431372549,0.10134003350083752,0.028890959925442685,0.1785028790786948
1980,24,Quebec,2490804,Obedjiwan,2031.0,53,First Nations Communities,1782.0,55,1666.0,52,1464,44,-0.03773584905660377,0.05454545454545454,0.15384615384615385,0.12259970457902511,0.06509539842873176,0.1212484993997599
1990,24,Quebec,2491802,Mashteuiatsh,2213.0,73,First Nations Communities,1749.0,70,1861.0,66,1725,61,0.0410958904109589,0.05714285714285714,0.07575757575757576,0.2096701310438319,-0.06403659233847914,0.07307898979043526
2059,24,Quebec,2496802,Pessamit,2420.0,58,First Nations Communities,2357.0,58,2288.0,54,2042,51,0.0,0.06896551724137931,0.05555555555555555,0.02603305785123967,0.02927450148493848,0.10751748251748251
2065,24,Quebec,2497802,Uashat,1485.0,57,First Nations Communities,1190.0,57,1136.0,55,880,54,0.0,0.03508771929824561,0.01818181818181818,0.19865319865319866,0.0453781512605042,0.22535211267605634
2066,24,Quebec,2497804,Maliotenam,1316.0,63,First Nations Communities,1123.0,60,1095.0,56,1004,54,0.047619047619047616,0.06666666666666667,0.03571428571428571,0.1466565349544073,0.024933214603739984,0.08310502283105023
2067,24,Quebec,2497806,Kawawachikamach,586.0,59,First Nations Communities,569.0,54,540.0,53,487,52,0.0847457627118644,0.018518518518518517,0.018867924528301886,0.02901023890784983,0.050966608084358524,0.09814814814814815
2068,24,Quebec,2497808,Matimekosh,540.0,61,First Nations Communities,528.0,58,449.0,57,147,54,0.04918032786885246,0.017241379310344827,0.05263157894736842,0.022222222222222223,0.14962121212121213,0.6726057906458798
2090,24,Quebec,2498804,La Romaine,1016.0,46,First Nations Communities,926.0,48,944.0,52,833,44,-0.043478260869565216,-0.08333333333333333,0.15384615384615385,0.08858267716535433,-0.019438444924406047,0.11758474576271187
2091,24,Quebec,2498806,Natashquan,841.0,53,First Nations Communities,810.0,51,761.0,54,639,43,0.03773584905660377,-0.058823529411764705,0.2037037037037037,0.036860879904875146,0.06049382716049383,0.16031537450722733
2092,24,Quebec,2498808,Mingan,453.0,55,First Nations Communities,407.0,56,391.0,58,431,49,-0.01818181818181818,-0.03571428571428571,0.15517241379310345,0.10154525386313466,0.03931203931203931,-0.10230179028132992
2109,24,Quebec,2499075,Kuujjuarapik,657.0,61,Inuit Communities,568.0,62,555.0,63,579,63,-0.01639344262295082,-0.016129032258064516,0.0,0.1354642313546423,0.022887323943661973,-0.043243243243243246
2110,24,Quebec,2499080,Umiujaq,444.0,60,Inuit Communities,390.0,58,348.0,56,315,62,0.03333333333333333,0.034482758620689655,-0.10714285714285714,0.12162162162162163,0.1076923076923077,0.09482758620689655
2111,24,Quebec,2499085,Inukjuak,1597.0,55,Inuit Communities,1597.0,57,1294.0,56,1184,56,-0.03636363636363636,0.017543859649122806,0.0,0.0,0.1897307451471509,0.08500772797527048
2112,24,Quebec,2499090,Kangiqsualujjuaq,874.0,59,Inuit Communities,735.0,55,710.0,54,648,56,0.06779661016949153,0.01818181818181818,-0.037037037037037035,0.15903890160183065,0.034013605442176874,0.08732394366197183
2113,24,Quebec,2499095,Kuujjuaq,2375.0,77,Inuit Communities,2132.0,75,1932.0,73,1726,73,0.025974025974025976,0.02666666666666667,0.0,0.10231578947368421,0.09380863039399624,0.10662525879917184
2114,24,Quebec,2499100,Tasiujaq,303.0,62,Inuit Communities,248.0,63,228.0,63,191,59,-0.016129032258064516,0.0,0.06349206349206349,0.18151815181518152,0.08064516129032258,0.16228070175438597
2115,24,Quebec,2499105,Aupaluk,195.0,62,Inuit Communities,174.0,64,159.0,66,159,61,-0.03225806451612903,-0.03125,0.07575757575757576,0.1076923076923077,0.08620689655172414,0.0
2116,24,Quebec,2499110,Kangirsuk,549.0,64,Inuit Communities,466.0,60,436.0,58,394,59,0.0625,0.03333333333333333,-0.017241379310344827,0.151183970856102,0.06437768240343347,0.0963302752293578
2117,24,Quebec,2499115,Quaqtaq,376.0,66,Inuit Communities,315.0,63,305.0,63,257,65,0.045454545454545456,0.0,-0.031746031746031744,0.1622340425531915,0.031746031746031744,0.15737704918032788
2118,24,Quebec,2499120,Puvirnituq,1692.0,58,Inuit Communities,1457.0,53,1287.0,57,1169,62,0.08620689655172414,-0.07547169811320754,-0.08771929824561403,0.1388888888888889,0.11667810569663692,0.09168609168609168
2119,24,Quebec,2499125,Akulivik,615.0,54,Inuit Communities,507.0,50,472.0,51,411,57,0.07407407407407407,-0.02,-0.11764705882352941,0.17560975609756097,0.06903353057199212,0.1292372881355932
2120,24,Quebec,2499130,Kangiqsujuaq,696.0,63,Inuit Communities,605.0,59,536.0,56,479,59,0.06349206349206349,0.05084745762711865,-0.05357142857142857,0.1307471264367816,0.1140495867768595,0.10634328358208955
2121,24,Quebec,2499135,Salluit,1347.0,59,Inuit Communities,1241.0,57,1072.0,58,929,57,0.03389830508474576,-0.017543859649122806,0.017241379310344827,0.07869339272457312,0.1361804995970991,0.1333955223880597
2122,24,Quebec,2499140,Ivujivik,370.0,63,Inuit Communities,349.0,53,298.0,58,274,59,0.15873015873015872,-0.09433962264150944,-0.017241379310344827,0.05675675675675676,0.14613180515759314,0.08053691275167785
2123,24,Quebec,2499802,Waswanipi,1777.0,63,First Nations Communities,1473.0,66,1261.0,62,1085,58,-0.047619047619047616,0.06060606060606061,0.06451612903225806,0.1710748452447946,0.14392396469789545,0.13957176843774782
2124,24,Quebec,2499804,Mistissini,3427.0,64,First Nations Communities,2897.0,66,2597.0,61,2334,59,-0.03125,0.07575757575757576,0.03278688524590164,0.1546542165159031,0.10355540214014498,0.1012706969580285
2125,24,Quebec,2499806,Waskaganish,2206.0,63,First Nations Communities,1864.0,59,1699.0,59,1548,61,0.06349206349206349,0.0,-0.03389830508474576,0.15503173164097914,0.08851931330472103,0.088875809299588
2126,24,Quebec,2499808,Nemaska,712.0,70,First Nations Communities,642.0,70,566.0,66,487,65,0.0,0.05714285714285714,0.015151515151515152,0.09831460674157304,0.11838006230529595,0.13957597173144876
2127,24,Quebec,2499810,Eastmain,767.0,67,First Nations Communities,650.0,65,613.0,60,527,60,0.029850746268656716,0.07692307692307693,0.0,0.15254237288135594,0.05692307692307692,0.1402936378466558
2128,24,Quebec,2499812,Wemindji,1378.0,66,First Nations Communities,1215.0,64,1095.0,61,1013,58,0.030303030303030304,0.046875,0.04918032786885246,0.11828737300435414,0.09876543209876543,0.07488584474885844
2129,24,Quebec,2499814,Chisasibi,4484.0,62,First Nations Communities,3972.0,63,3467.0,57,3251,59,-0.016129032258064516,0.09523809523809523,-0.03508771929824561,0.11418376449598573,0.1271399798590131,0.06230170175944621
2130,24,Quebec,2499816,Whapmagoostui,874.0,66,First Nations Communities,812.0,66,778.0,63,626,63,0.0,0.045454545454545456,0.0,0.07093821510297482,0.04187192118226601,0.1953727506426735
2131,24,Quebec,2499818,Oujé-Bougoumou,725.0,68,First Nations Communities,606.0,62,553.0,67,478,64,0.08823529411764706,-0.08064516129032258,0.04477611940298507,0.16413793103448276,0.08745874587458746,0.13562386980108498
2218,35,Ontario,3514027,Alderville First Nation,469.0,74,First Nations Communities,506.0,73,358.0,74,363,69,0.013513513513513514,-0.0136986301369863,0.06756756756756757,-0.07889125799573561,0.2924901185770751,-0.013966480446927373
2226,35,Ontario,3515019,Curve Lake First Nation 35,1003.0,72,First Nations Communities,1060.0,72,945.0,70,891,69,0.0,0.027777777777777776,0.014285714285714285,-0.05682951146560319,0.10849056603773585,0.05714285714285714
2326,35,Ontario,3536029,Moravian 47,404.0,71,First Nations Communities,412.0,68,368.0,64,300,64,0.04225352112676056,0.058823529411764705,0.0,-0.019801980198019802,0.10679611650485436,0.18478260869565216
2378,35,Ontario,3541057,Saugeen 29,726.0,65,First Nations Communities,758.0,65,677.0,61,638,62,0.0,0.06153846153846154,-0.01639344262295082,-0.0440771349862259,0.10686015831134564,0.05760709010339734
2402,35,Ontario,3543050,Mnjikaning First Nation 32 (Rama First Nation),870.0,73,First Nations Communities,846.0,77,597.0,74,530,67,-0.0547945205479452,0.03896103896103896,0.0945945945945946,0.027586206896551724,0.29432624113475175,0.11222780569514237
2418,35,Ontario,3544073,Moose Point 79,210.0,68,First Nations Communities,208.0,66,185.0,67,151,64,0.029411764705882353,-0.015151515151515152,0.04477611940298507,0.009523809523809525,0.11057692307692307,0.1837837837837838
2480,35,Ontario,3549073,Parry Island First Nation,419.0,68,First Nations Communities,350.0,70,375.0,60,404,63,-0.029411764705882353,0.14285714285714285,-0.05,0.16467780429594273,-0.07142857142857142,-0.07733333333333334
2482,35,Ontario,3549076,French River 13,137.0,66,First Nations Communities,99.0,65,121.0,54,157,56,0.015151515151515152,0.16923076923076924,-0.037037037037037035,0.2773722627737226,-0.2222222222222222,-0.2975206611570248
2483,35,Ontario,3549077,Dokis 9,204.0,72,First Nations Communities,195.0,70,196.0,66,163,59,0.027777777777777776,0.05714285714285714,0.10606060606060606,0.04411764705882353,-0.005128205128205128,0.1683673469387755
2484,35,Ontario,3549078,Magnetewan 1,93.0,69,First Nations Communities,78.0,71,73.0,59,83,58,-0.028985507246376812,0.16901408450704225,0.01694915254237288,0.16129032258064516,0.0641025641025641,-0.136986301369863
2496,35,Ontario,3551040,Whitefish River (Part) 4,487.0,73,First Nations Communities,379.0,72,268.0,62,308,64,0.0136986301369863,0.1388888888888889,-0.03225806451612903,0.22176591375770022,0.2928759894459103,-0.14925373134328357
2497,35,Ontario,3551041,Sucker Creek 23,365.0,69,First Nations Communities,346.0,68,310.0,62,266,61,0.014492753623188406,0.08823529411764706,0.016129032258064516,0.052054794520547946,0.10404624277456648,0.14193548387096774
2512,35,Ontario,3552051,Whitefish Lake 6,394.0,70,First Nations Communities,349.0,70,333.0,71,256,63,0.0,-0.014285714285714285,0.11267605633802817,0.11421319796954314,0.045845272206303724,0.23123123123123124
2590,35,Ontario,3557072,Serpent River 7,373.0,70,First Nations Communities,340.0,67,323.0,68,295,59,0.04285714285714286,-0.014925373134328358,0.1323529411764706,0.08847184986595175,0.05,0.08668730650154799
2591,35,Ontario,3557073,Mississagi River 8,390.0,71,First Nations Communities,414.0,70,360.0,68,328,66,0.014084507042253521,0.02857142857142857,0.029411764705882353,-0.06153846153846154,0.13043478260869565,0.08888888888888889
2623,35,Ontario,3558067,Ginoogaming First Nation,167.0,61,First Nations Communities,175.0,61,231.0,56,222,52,0.0,0.08196721311475409,0.07142857142857142,-0.04790419161676647,-0.32,0.03896103896103896
2627,35,Ontario,3558076,Aroland 83,361.0,54,First Nations Communities,325.0,57,346.0,61,271,50,-0.05555555555555555,-0.07017543859649122,0.18032786885245902,0.0997229916897507,-0.06461538461538462,0.21676300578034682
2647,35,Ontario,3559051,Big Grassy River 35G,249.0,66,First Nations Communities,204.0,60,176.0,51,165,51,0.09090909090909091,0.15,0.0,0.18072289156626506,0.13725490196078433,0.0625
2651,35,Ontario,3559061,Rainy Lake 18C,93.0,65,First Nations Communities,95.0,65,81.0,63,66,65,0.0,0.03076923076923077,-0.031746031746031744,-0.021505376344086023,0.14736842105263157,0.18518518518518517
2654,35,Ontario,3559064,Rainy Lake 26A,159.0,64,First Nations Communities,128.0,70,93.0,68,95,65,-0.09375,0.02857142857142857,0.04411764705882353,0.1949685534591195,0.2734375,-0.021505376344086023
2673,35,Ontario,3560046,Slate Falls,186.0,59,First Nations Communities,164.0,57,156.0,57,132,50,0.03389830508474576,0.0,0.12280701754385964,0.11827956989247312,0.04878048780487805,0.15384615384615385
2681,35,Ontario,3560056,Lac Seul 28,872.0,59,First Nations Communities,821.0,59,702.0,51,697,48,0.0,0.13559322033898305,0.058823529411764705,0.058486238532110095,0.14494518879415347,0.007122507122507123
2682,35,Ontario,3560057,Wabigoon Lake 27,184.0,66,First Nations Communities,147.0,63,153.0,61,113,52,0.045454545454545456,0.031746031746031744,0.14754098360655737,0.20108695652173914,-0.04081632653061224,0.26143790849673204
2683,35,Ontario,3560058,English River 21,639.0,51,First Nations Communities,633.0,49,454.0,45,468,46,0.0392156862745098,0.08163265306122448,-0.022222222222222223,0.009389671361502348,0.28278041074249605,-0.030837004405286344
2692,35,Ontario,3560068,Shoal Lake (Part) 39A,388.0,58,First Nations Communities,346.0,58,330.0,58,241,50,0.0,0.0,0.13793103448275862,0.10824742268041238,0.046242774566473986,0.2696969696969697
2694,35,Ontario,3560070,Deer Lake,763.0,45,First Nations Communities,681.0,49,756.0,46,628,37,-0.08888888888888889,0.061224489795918366,0.1956521739130435,0.10747051114023591,-0.11013215859030837,0.1693121693121693
2708,35,Ontario,3560088,Wapekeka 2,368.0,55,First Nations Communities,350.0,51,329.0,54,209,42,0.07272727272727272,-0.058823529411764705,0.2222222222222222,0.04891304347826087,0.06,0.364741641337386
2719,35,Ontario,3560104,Kee-Way-Win,340.0,50,First Nations Communities,318.0,45,265.0,50,237,52,0.1,-0.1111111111111111,-0.04,0.06470588235294118,0.16666666666666666,0.10566037735849057
2736,46,Manitoba,4602027,Roseau River 2,588.0,43,First Nations Communities,568.0,49,569.0,50,467,42,-0.13953488372093023,-0.02040816326530612,0.16,0.034013605442176874,-0.0017605633802816902,0.17926186291739896
2772,46,Manitoba,4604068,Swan Lake  7,371.0,57,First Nations Communities,347.0,49,423.0,44,370,47,0.14035087719298245,0.10204081632653061,-0.06818181818181818,0.0646900269541779,-0.21902017291066284,0.12529550827423167
2793,46,Manitoba,4606029,Canupawakpa Dakota First Nation (Oak Lake 59,288.0,52,First Nations Communities,295.0,58,303.0,49,290,52,-0.11538461538461539,0.15517241379310345,-0.061224489795918366,-0.024305555555555556,-0.02711864406779661,0.0429042904290429
2822,46,Manitoba,4608069,Sandy Bay 5,2509.0,37,First Nations Communities,2518.0,36,2446.0,39,2227,42,0.02702702702702703,-0.08333333333333333,-0.07692307692307693,-0.0035870864886408927,0.028594122319301033,0.08953393295175797
2827,46,Manitoba,4609025,Long Plain (Part) 6,1078.0,48,First Nations Communities,752.0,44,742.0,49,597,44,0.08333333333333333,-0.11363636363636363,0.10204081632653061,0.30241187384044527,0.013297872340425532,0.1954177897574124
2828,46,Manitoba,4609026,Dakota Plains 6A,111.0,54,First Nations Communities,65.0,47,108.0,50,84,55,0.12962962962962962,-0.06382978723404255,-0.1,0.4144144144144144,-0.6615384615384615,0.2222222222222222
2860,46,Manitoba,4615042,Birdtail Creek 57,407.0,47,First Nations Communities,345.0,49,317.0,52,306,48,-0.0425531914893617,-0.061224489795918366,0.07692307692307693,0.15233415233415235,0.08115942028985507,0.03470031545741325
2871,46,Manitoba,4615071,Rolling River 67,343.0,62,First Nations Communities,336.0,59,290.0,61,265,60,0.04838709677419355,-0.03389830508474576,0.01639344262295082,0.02040816326530612,0.13690476190476192,0.08620689655172414
2889,46,Manitoba,4616046,Valley River 63A,364.0,45,First Nations Communities,427.0,47,380.0,57,320,60,-0.044444444444444446,-0.2127659574468085,-0.05263157894736842,-0.17307692307692307,0.11007025761124122,0.15789473684210525
2893,46,Manitoba,4617029,Ebb and Flow 52,1297.0,46,First Nations Communities,1189.0,45,991.0,47,871,47,0.021739130434782608,-0.044444444444444446,0.0,0.08326908249807248,0.1665264928511354,0.12108980827447023
2917,46,Manitoba,4618055,Dog Creek 46,680.0,40,First Nations Communities,617.0,47,649.0,46,582,42,-0.175,0.02127659574468085,0.08695652173913043,0.09264705882352942,-0.05186385737439222,0.10323574730354391
2920,46,Manitoba,4618063,Little Saskatchewan 48,399.0,37,First Nations Communities,445.0,39,250.0,46,362,52,-0.05405405405405406,-0.1794871794871795,-0.13043478260869565,-0.11528822055137844,0.43820224719101125,-0.448
2921,46,Manitoba,4618067,Fairford (Part) 50,989.0,46,First Nations Communities,904.0,44,820.0,47,832,47,0.043478260869565216,-0.06818181818181818,0.0,0.0859453993933266,0.09292035398230089,-0.014634146341463415
2929,46,Manitoba,4619050,Fort Alexander 3,2099.0,50,First Nations Communities,2121.0,50,1998.0,49,1690,47,0.0,0.02,0.04081632653061224,-0.010481181515007145,0.05799151343705799,0.15415415415415415
2930,46,Manitoba,4619051,Little Grand Rapids 14,847.0,41,First Nations Communities,796.0,43,792.0,42,634,40,-0.04878048780487805,0.023255813953488372,0.047619047619047616,0.0602125147579693,0.005025125628140704,0.1994949494949495
2931,46,Manitoba,4619052,Bloodvein 12,643.0,44,First Nations Communities,576.0,44,637.0,43,451,40,0.0,0.022727272727272728,0.06976744186046512,0.104199066874028,-0.10590277777777778,0.29199372056514916
2932,46,Manitoba,4619053,Hole or Hollow Water 10,627.0,55,First Nations Communities,619.0,49,622.0,51,555,44,0.10909090909090909,-0.04081632653061224,0.13725490196078433,0.012759170653907496,-0.004846526655896607,0.10771704180064309
2933,46,Manitoba,4619054,Black River 9,521.0,42,First Nations Communities,460.0,47,389.0,51,340,51,-0.11904761904761904,-0.0851063829787234,0.0,0.11708253358925144,0.15434782608695652,0.12596401028277635
2934,46,Manitoba,4619056,Fisher River 44,1160.0,53,First Nations Communities,1129.0,59,867.0,57,1000,59,-0.11320754716981132,0.03389830508474576,-0.03508771929824561,0.026724137931034484,0.2320637732506643,-0.15340253748558247
2936,46,Manitoba,4619059,Peguis 1B,2609.0,52,First Nations Communities,2513.0,53,2515.0,58,2076,56,-0.019230769230769232,-0.09433962264150944,0.034482758620689655,0.036795707167497124,-0.0007958615200955034,0.1745526838966203
2941,46,Manitoba,4619068,Crane River 51,503.0,42,First Nations Communities,432.0,52,358.0,50,316,56,-0.23809523809523808,0.038461538461538464,-0.12,0.1411530815109344,0.1712962962962963,0.11731843575418995
2942,46,Manitoba,4619069,Waterhen 45,383.0,41,First Nations Communities,389.0,47,376.0,49,488,40,-0.14634146341463414,-0.0425531914893617,0.1836734693877551,-0.015665796344647518,0.033419023136246784,-0.2978723404255319
2943,46,Manitoba,4619070,Pine Creek 66A,685.0,45,First Nations Communities,614.0,43,696.0,52,575,48,0.044444444444444446,-0.20930232558139536,0.07692307692307693,0.10364963503649635,-0.13355048859934854,0.17385057471264367
2945,46,Manitoba,4619072,Shoal River Indian Reserve 65A,802.0,42,First Nations Communities,603.0,46,659.0,43,533,43,-0.09523809523809523,0.06521739130434782,0.0,0.24812967581047382,-0.09286898839137644,0.19119878603945373
2946,46,Manitoba,4619075,Poplar River 16,848.0,51,First Nations Communities,643.0,49,644.0,49,524,44,0.0392156862745098,0.0,0.10204081632653061,0.2417452830188679,-0.0015552099533437014,0.18633540372670807
2947,46,Manitoba,4619077,Berens River 13,1028.0,50,First Nations Communities,739.0,41,625.0,40,790,44,0.18,0.024390243902439025,-0.1,0.2811284046692607,0.15426251691474965,-0.264
2948,46,Manitoba,4619079,Pauingassi First Nation,388.0,41,First Nations Communities,352.0,42,417.0,39,351,38,-0.024390243902439025,0.07142857142857142,0.02564102564102564,0.09278350515463918,-0.1846590909090909,0.15827338129496402
2961,46,Manitoba,4621027,Grand Rapids 33,716.0,48,First Nations Communities,651.0,54,591.0,51,546,49,-0.125,0.05555555555555555,0.0392156862745098,0.09078212290502793,0.09216589861751152,0.07614213197969544
2962,46,Manitoba,4621029,Chemawawin 2,1134.0,42,First Nations Communities,983.0,48,964.0,46,859,46,-0.14285714285714285,0.041666666666666664,0.0,0.13315696649029982,0.019328585961342827,0.10892116182572614
2963,46,Manitoba,4621033,Opaskwayak Cree Nation 21A,181.0,60,First Nations Communities,181.0,61,235.0,61,219,63,-0.016666666666666666,0.0,-0.03278688524590164,0.0,-0.2983425414364641,0.06808510638297872
2966,46,Manitoba,4621040,Opaskwayak Cree Nation 21I,162.0,68,First Nations Communities,158.0,74,137.0,75,140,72,-0.08823529411764706,-0.013513513513513514,0.04,0.024691358024691357,0.13291139240506328,-0.021897810218978103
2967,46,Manitoba,4621043,Opaskwayak Cree Nation 21E,2319.0,54,First Nations Communities,2187.0,55,2025.0,56,1776,53,-0.018518518518518517,-0.01818181818181818,0.05357142857142857,0.056921086675291076,0.07407407407407407,0.12296296296296297
2970,46,Manitoba,4621058,Moose Lake 31A,963.0,41,First Nations Communities,698.0,45,740.0,45,556,39,-0.0975609756097561,0.0,0.13333333333333333,0.2751817237798546,-0.06017191977077364,0.24864864864864866
2977,46,Manitoba,4622048,Garden Hill First Nation,2776.0,38,First Nations Communities,1898.0,41,2021.0,46,1802,42,-0.07894736842105263,-0.12195121951219512,0.08695652173913043,0.31628242074927954,-0.06480505795574289,0.10836219693221177
2978,46,Manitoba,4622049,God's Lake 23,1341.0,41,First Nations Communities,1105.0,45,1156.0,47,1143,48,-0.0975609756097561,-0.044444444444444446,-0.02127659574468085,0.17598806860551827,-0.046153846153846156,0.01124567474048443
2979,46,Manitoba,4622050,Oxford House 24,1864.0,40,First Nations Communities,1947.0,44,1731.0,46,1615,44,-0.1,-0.045454545454545456,0.043478260869565216,-0.04452789699570815,0.11093990755007704,0.06701328711727325
2980,46,Manitoba,4622051,Cross Lake 19,1751.0,48,First Nations Communities,1586.0,50,1945.0,48,1529,51,-0.041666666666666664,0.04,-0.0625,0.09423186750428326,-0.22635561160151324,0.21388174807197943
2981,46,Manitoba,4622052,Cross Lake 19A,1937.0,45,First Nations Communities,1663.0,45,1233.0,45,1456,47,0.0,0.0,-0.044444444444444446,0.14145585957666496,0.25856885147324116,-0.18085969180859693
2982,46,Manitoba,4622055,God's River 86A,596.0,41,First Nations Communities,556.0,41,471.0,50,455,48,0.0,-0.21951219512195122,0.04,0.06711409395973154,0.1528776978417266,0.03397027600849257
2984,46,Manitoba,4622058,Norway House 17,4758.0,50,First Nations Communities,4071.0,51,3950.0,52,3402,50,-0.02,-0.0196078431372549,0.038461538461538464,0.14438839848675913,0.029722426922132155,0.13873417721518988
2985,46,Manitoba,4622059,Nelson House 170,2399.0,50,First Nations Communities,2096.0,46,1710.0,52,1760,44,0.08,-0.13043478260869565,0.15384615384615385,0.12630262609420592,0.18416030534351144,-0.029239766081871343
2987,46,Manitoba,4622064,Ilford,141.0,61,First Nations Communities,116.0,62,143.0,62,155,57,-0.01639344262295082,0.0,0.08064516129032258,0.1773049645390071,-0.23275862068965517,-0.08391608391608392
2988,46,Manitoba,4622065,York Landing,450.0,58,First Nations Communities,416.0,57,421.0,60,300,54,0.017241379310344827,-0.05263157894736842,0.1,0.07555555555555556,-0.01201923076923077,0.28741092636579574
2989,46,Manitoba,4622067,Cross Lake 19E,696.0,49,First Nations Communities,605.0,50,646.0,47,506,49,-0.02040816326530612,0.06,-0.0425531914893617,0.1307471264367816,-0.06776859504132231,0.21671826625386997
2996,46,Manitoba,4623037,South Indian Lake,767.0,39,First Nations Communities,857.0,42,808.0,38,887,41,-0.07692307692307693,0.09523809523809523,-0.07894736842105263,-0.11734028683181226,0.057176196032672114,-0.09777227722772278
3003,46,Manitoba,4623064,Pukatawagan 198,1826.0,44,First Nations Communities,1478.0,47,1464.0,47,1201,42,-0.06818181818181818,0.0,0.10638297872340426,0.19058050383351588,0.009472259810554804,0.1796448087431694
3004,46,Manitoba,4623065,Brochet 197,547.0,50,First Nations Communities,306.0,43,287.0,43,242,43,0.14,0.0,0.0,0.4405850091407678,0.06209150326797386,0.156794425087108
3005,46,Manitoba,4623067,Lac Brochet 197A,816.0,45,First Nations Communities,604.0,46,629.0,51,615,43,-0.022222222222222223,-0.10869565217391304,0.1568627450980392,0.25980392156862747,-0.041390728476821195,0.022257551669316374
3006,46,Manitoba,4623071,Shamattawa 1,998.0,38,First Nations Communities,920.0,36,897.0,44,749,43,0.05263157894736842,-0.2222222222222222,0.022727272727272728,0.0781563126252505,0.025,0.16499442586399107
3054,47,Saskatchewan,4701808,White Bear 70,738.0,61,First Nations Communities,796.0,58,536.0,60,679,58,0.04918032786885246,-0.034482758620689655,0.03333333333333333,-0.07859078590785908,0.32663316582914576,-0.2667910447761194
3225,47,Saskatchewan,4705803,Cowessess 73,672.0,62,First Nations Communities,513.0,66,486.0,64,487,60,-0.06451612903225806,0.030303030303030304,0.0625,0.23660714285714285,0.05263157894736842,-0.00205761316872428
3226,47,Saskatchewan,4705804,Kahkewistahaw 72,523.0,61,First Nations Communities,506.0,56,385.0,52,345,49,0.08196721311475409,0.07142857142857142,0.057692307692307696,0.032504780114722756,0.2391304347826087,0.1038961038961039
3227,47,Saskatchewan,4705805,Sakimay 74,311.0,59,First Nations Communities,169.0,60,187.0,55,180,52,-0.01694915254237288,0.08333333333333333,0.05454545454545454,0.4565916398713826,-0.10650887573964497,0.0374331550802139
3318,47,Saskatchewan,4706809,Piapot 75,464.0,55,First Nations Communities,448.0,52,503.0,53,502,54,0.05454545454545454,-0.019230769230769232,-0.018867924528301886,0.034482758620689655,-0.12276785714285714,0.0019880715705765406
3321,47,Saskatchewan,4706812,Pasqua 79,546.0,61,First Nations Communities,472.0,55,343.0,54,308,57,0.09836065573770492,0.01818181818181818,-0.05555555555555555,0.13553113553113552,0.2733050847457627,0.10204081632653061
3324,47,Saskatchewan,4706815,Okanese 82,226.0,54,First Nations Communities,187.0,54,152.0,52,135,49,0.0,0.037037037037037035,0.057692307692307696,0.17256637168141592,0.18716577540106952,0.1118421052631579
3326,47,Saskatchewan,4706818,Star Blanket 83,201.0,51,First Nations Communities,195.0,61,223.0,55,202,57,-0.19607843137254902,0.09836065573770492,-0.03636363636363636,0.029850746268656716,-0.14358974358974358,0.09417040358744394
3461,47,Saskatchewan,4709819,Cote 64,757.0,53,First Nations Communities,607.0,51,582.0,51,529,46,0.03773584905660377,0.0,0.09803921568627451,0.19815059445178335,0.04118616144975288,0.09106529209621993
3462,47,Saskatchewan,4709820,Keeseekoose 66,423.0,56,First Nations Communities,500.0,49,521.0,50,492,51,0.125,-0.02040816326530612,-0.02,-0.18203309692671396,-0.042,0.05566218809980806
3504,47,Saskatchewan,4710822,Muskowekwan 85,606.0,49,First Nations Communities,488.0,46,331.0,55,315,47,0.061224489795918366,-0.1956521739130435,0.14545454545454545,0.19471947194719472,0.32172131147540983,0.04833836858006042
3505,47,Saskatchewan,4710823,Gordon 86,1017.0,51,First Nations Communities,866.0,52,738.0,54,623,53,-0.0196078431372549,-0.038461538461538464,0.018518518518518517,0.14847590953785644,0.14780600461893764,0.15582655826558264
3506,47,Saskatchewan,4710824,Day Star 87,155.0,64,First Nations Communities,168.0,61,201.0,52,130,50,0.046875,0.14754098360655737,0.038461538461538464,-0.08387096774193549,-0.19642857142857142,0.35323383084577115
3507,47,Saskatchewan,4710825,Poorman 88,782.0,51,First Nations Communities,688.0,47,684.0,45,693,47,0.0784313725490196,0.0425531914893617,-0.044444444444444446,0.12020460358056266,0.005813953488372093,-0.013157894736842105
3508,47,Saskatchewan,4710826,Fishing Lake 89,489.0,54,First Nations Communities,381.0,46,330.0,45,367,44,0.14814814814814814,0.021739130434782608,0.022222222222222223,0.22085889570552147,0.13385826771653545,-0.11212121212121212
3587,47,Saskatchewan,4711828,Whitecap,351.0,70,First Nations Communities,235.0,63,155.0,65,175,52,0.1,-0.031746031746031744,0.2,0.33048433048433046,0.3404255319148936,-0.12903225806451613
3619,47,Saskatchewan,4712829,Red Pheasant 108,603.0,45,First Nations Communities,656.0,42,602.0,47,598,45,0.06666666666666667,-0.11904761904761904,0.0425531914893617,-0.087893864013267,0.08231707317073171,0.006644518272425249
3620,47,Saskatchewan,4712830,Mosquito 109,462.0,40,First Nations Communities,393.0,40,433.0,40,368,35,0.0,0.0,0.125,0.14935064935064934,-0.10178117048346055,0.15011547344110854
3622,47,Saskatchewan,4712833,Sweet Grass 113,578.0,54,First Nations Communities,483.0,48,530.0,52,587,47,0.1111111111111111,-0.08333333333333333,0.09615384615384616,0.1643598615916955,-0.09730848861283643,-0.10754716981132076
3669,47,Saskatchewan,4713835,Poundmaker 114,636.0,51,First Nations Communities,489.0,56,505.0,54,375,51,-0.09803921568627451,0.03571428571428571,0.05555555555555555,0.23113207547169812,-0.032719836400818,0.25742574257425743
3670,47,Saskatchewan,4713836,Little Pine 116,675.0,48,First Nations Communities,577.0,50,567.0,50,539,47,-0.041666666666666664,0.0,0.06,0.1451851851851852,0.01733102253032929,0.04938271604938271
3715,47,Saskatchewan,4714839,Shoal Lake 28A,622.0,46,First Nations Communities,545.0,45,438.0,42,330,39,0.021739130434782608,0.06666666666666667,0.07142857142857142,0.12379421221864952,0.1963302752293578,0.2465753424657534
3717,47,Saskatchewan,4714841,Yellowquill 90,547.0,44,First Nations Communities,420.0,45,406.0,41,429,39,-0.022727272727272728,0.08888888888888889,0.04878048780487805,0.23217550274223034,0.03333333333333333,-0.05665024630541872
3718,47,Saskatchewan,4714842,Kinistin 91,365.0,49,First Nations Communities,271.0,55,255.0,47,238,48,-0.12244897959183673,0.14545454545454545,-0.02127659574468085,0.25753424657534246,0.05904059040590406,0.06666666666666667
3719,47,Saskatchewan,4714845,Carrot River 29A,820.0,43,First Nations Communities,590.0,42,526.0,35,376,28,0.023255813953488372,0.16666666666666666,0.2,0.2804878048780488,0.10847457627118644,0.28517110266159695
3779,47,Saskatchewan,4715844,One Arrow 95,645.0,49,First Nations Communities,365.0,48,318.0,43,243,30,0.02040816326530612,0.10416666666666667,0.3023255813953488,0.43410852713178294,0.12876712328767123,0.2358490566037736
3780,47,Saskatchewan,4715845,Beardy's 97 and Okemasis 96,1322.0,53,First Nations Communities,1161.0,49,1089.0,48,1213,47,0.07547169811320754,0.02040816326530612,0.020833333333333332,0.12178517397881997,0.06201550387596899,-0.11386593204775022
3782,47,Saskatchewan,4715847,Muskoday First Nation,688.0,66,First Nations Communities,553.0,66,514.0,63,448,61,0.0,0.045454545454545456,0.031746031746031744,0.19622093023255813,0.0705244122965642,0.12840466926070038
3783,47,Saskatchewan,4715848,Wahpaton 94A,306.0,53,First Nations Communities,281.0,49,260.0,55,163,62,0.07547169811320754,-0.12244897959183673,-0.12727272727272726,0.08169934640522876,0.07473309608540925,0.3730769230769231
3784,47,Saskatchewan,4715849,James Smith 100,674.0,44,First Nations Communities,708.0,47,624.0,51,635,43,-0.06818181818181818,-0.0851063829787234,0.1568627450980392,-0.050445103857566766,0.11864406779661017,-0.017628205128205128
3786,47,Saskatchewan,4715851,Little Red River 106C,293.0,53,First Nations Communities,319.0,51,199.0,56,239,49,0.03773584905660377,-0.09803921568627451,0.125,-0.08873720136518772,0.3761755485893417,-0.20100502512562815
3787,47,Saskatchewan,4715853,Montreal Lake 106B,389.0,47,First Nations Communities,345.0,51,347.0,45,232,45,-0.0851063829787234,0.11764705882352941,0.0,0.11311053984575835,-0.005797101449275362,0.3314121037463977
3835,47,Saskatchewan,4716854,Muskeg Lake Cree Nation 102,438.0,57,First Nations Communities,293.0,64,291.0,59,268,60,-0.12280701754385964,0.078125,-0.01694915254237288,0.3310502283105023,0.006825938566552901,0.07903780068728522
3836,47,Saskatchewan,4716855,Mistawasis 103,795.0,49,First Nations Communities,968.0,44,557.0,52,523,50,0.10204081632653061,-0.18181818181818182,0.038461538461538464,-0.21761006289308177,0.42458677685950413,0.06104129263913824
3837,47,Saskatchewan,4716856,Sturgeon Lake 101,1225.0,51,First Nations Communities,1116.0,46,873.0,46,594,44,0.09803921568627451,0.0,0.043478260869565216,0.08897959183673469,0.21774193548387097,0.31958762886597936
3839,47,Saskatchewan,4716858,Big River 118,1636.0,37,First Nations Communities,1437.0,39,1225.0,39,1023,37,-0.05405405405405406,0.0,0.05128205128205128,0.12163814180929096,0.1475295755045233,0.16489795918367348
3840,47,Saskatchewan,4716860,Ahtahkakoop 104,1354.0,53,First Nations Communities,1101.0,47,1099.0,50,1019,48,0.11320754716981132,-0.06382978723404255,0.04,0.18685376661742983,0.0018165304268846503,0.07279344858962693
3842,47,Saskatchewan,4716862,Witchekan Lake 117,353.0,38,First Nations Communities,338.0,47,341.0,43,254,43,-0.23684210526315788,0.0851063829787234,0.0,0.042492917847025496,-0.008875739644970414,0.25513196480938416
3843,47,Saskatchewan,4716863,Chitek Lake 191,751.0,42,First Nations Communities,818.0,44,756.0,41,707,40,-0.047619047619047616,0.06818181818181818,0.024390243902439025,-0.08921438082556592,0.07579462102689487,0.06481481481481481
3890,47,Saskatchewan,4717801,Seekaskootch 119,2612.0,50,First Nations Communities,1752.0,47,1834.0,47,1552,43,0.06,0.0,0.0851063829787234,0.32924961715160794,-0.04680365296803653,0.15376226826608505
3891,47,Saskatchewan,4717802,Makaoo (Part) 120,410.0,50,First Nations Communities,390.0,45,397.0,46,369,42,0.1,-0.022222222222222223,0.08695652173913043,0.04878048780487805,-0.017948717948717947,0.07052896725440806
3892,47,Saskatchewan,4717803,Thunderchild First Nation 115B,792.0,44,First Nations Communities,819.0,45,752.0,46,538,42,-0.022727272727272728,-0.022222222222222223,0.08695652173913043,-0.03409090909090909,0.08180708180708181,0.2845744680851064
3894,47,Saskatchewan,4717805,Flying Dust First Nation 105 (Meadow Lake 10,506.0,64,First Nations Communities,619.0,55,575.0,60,450,56,0.140625,-0.09090909090909091,0.06666666666666667,-0.22332015810276679,0.07108239095315025,0.21739130434782608
3895,47,Saskatchewan,4717806,Waterhen 130,670.0,44,First Nations Communities,727.0,45,577.0,52,650,47,-0.022727272727272728,-0.15555555555555556,0.09615384615384616,-0.08507462686567165,0.2063273727647868,-0.1265164644714038
3896,47,Saskatchewan,4717807,Makwa Lake 129B,905.0,51,First Nations Communities,800.0,41,736.0,41,658,36,0.19607843137254902,0.0,0.12195121951219512,0.11602209944751381,0.08,0.10597826086956522
3898,47,Saskatchewan,4717809,Ministikwan 161,818.0,38,First Nations Communities,533.0,33,573.0,42,564,36,0.13157894736842105,-0.2727272727272727,0.14285714285714285,0.3484107579462103,-0.075046904315197,0.015706806282722512
3899,47,Saskatchewan,4717810,Ministikwan 161A,220.0,28,First Nations Communities,198.0,25,198.0,34,156,22,0.10714285714285714,-0.36,0.35294117647058826,0.1,0.0,0.21212121212121213
3901,47,Saskatchewan,4717812,Moosomin 112B,748.0,48,First Nations Communities,465.0,39,514.0,46,455,40,0.1875,-0.1794871794871795,0.13043478260869565,0.3783422459893048,-0.1053763440860215,0.11478599221789883
3902,47,Saskatchewan,4717813,Saulteaux 159,451.0,45,First Nations Communities,432.0,39,479.0,46,338,46,0.13333333333333333,-0.1794871794871795,0.0,0.04212860310421286,-0.1087962962962963,0.29436325678496866
3922,47,Saskatchewan,4718058,Sandy Bay,1233.0,51,First Nations Communities,1175.0,45,1092.0,51,959,50,0.11764705882352941,-0.13333333333333333,0.0196078431372549,0.047039740470397405,0.07063829787234042,0.12179487179487179
3934,47,Saskatchewan,4718801,Cumberland House Cree Nation 20,715.0,54,First Nations Communities,595.0,51,392.0,52,395,48,0.05555555555555555,-0.0196078431372549,0.07692307692307693,0.16783216783216784,0.3411764705882353,-0.007653061224489796
3935,47,Saskatchewan,4718802,Montreal Lake 106,999.0,49,First Nations Communities,880.0,49,861.0,51,659,48,0.0,-0.04081632653061224,0.058823529411764705,0.11911911911911911,0.02159090909090909,0.2346109175377468
3936,47,Saskatchewan,4718803,Stanley 157,1634.0,56,First Nations Communities,1467.0,49,1248.0,51,992,47,0.125,-0.04081632653061224,0.0784313725490196,0.102203182374541,0.1492842535787321,0.20512820512820512
3937,47,Saskatchewan,4718807,La Plonge 192,115.0,64,First Nations Communities,139.0,51,120.0,57,123,63,0.203125,-0.11764705882352941,-0.10526315789473684,-0.20869565217391303,0.1366906474820144,-0.025
3938,47,Saskatchewan,4718808,Morin Lake 217,618.0,46,First Nations Communities,406.0,35,381.0,47,336,42,0.2391304347826087,-0.34285714285714286,0.10638297872340426,0.343042071197411,0.06157635467980296,0.11811023622047244
3941,47,Saskatchewan,4718811,Sucker River 156C (Nemebien River 156C),400.0,55,First Nations Communities,290.0,53,278.0,45,216,49,0.03636363636363636,0.1509433962264151,-0.08888888888888889,0.275,0.041379310344827586,0.22302158273381295
3942,47,Saskatchewan,4718812,Kitsakie 156B,644.0,48,First Nations Communities,671.0,38,560.0,43,559,42,0.20833333333333334,-0.13157894736842105,0.023255813953488372,-0.04192546583850932,0.16542473919523099,0.0017857142857142857
3944,47,Saskatchewan,4718814,Wapachewunak 192D,482.0,63,First Nations Communities,526.0,53,434.0,57,436,52,0.15873015873015872,-0.07547169811320754,0.08771929824561403,-0.0912863070539419,0.17490494296577946,-0.004608294930875576
3945,47,Saskatchewan,4718817,Canoe Lake 165,716.0,48,First Nations Communities,822.0,50,747.0,59,635,52,-0.041666666666666664,-0.18,0.11864406779661017,-0.14804469273743018,0.09124087591240876,0.1499330655957162
3946,47,Saskatchewan,4718818,Buffalo River Dene Nation 193 (Peter Pond La,764.0,54,First Nations Communities,741.0,52,607.0,56,539,57,0.037037037037037035,-0.07692307692307693,-0.017857142857142856,0.030104712041884817,0.18083670715249664,0.11202635914332784
3948,47,Saskatchewan,4718820,Pelican Narrows 184B,1913.0,39,First Nations Communities,1342.0,42,1153.0,38,1404,43,-0.07692307692307693,0.09523809523809523,-0.13157894736842105,0.29848405645582854,0.14083457526080476,-0.21769297484822203
3950,47,Saskatchewan,4718822,Southend 200,904.0,51,First Nations Communities,910.0,51,696.0,46,647,47,0.0,0.09803921568627451,-0.021739130434782608,-0.00663716814159292,0.23516483516483516,0.07040229885057471
3952,47,Saskatchewan,4718824,Fond du Lac 227,874.0,53,First Nations Communities,801.0,52,682.0,47,751,51,0.018867924528301886,0.09615384615384616,-0.0851063829787234,0.08352402745995423,0.14856429463171036,-0.10117302052785923
3954,47,Saskatchewan,4718828,Chicken 224,1070.0,44,First Nations Communities,1109.0,43,1054.0,39,997,40,0.022727272727272728,0.09302325581395349,-0.02564102564102564,-0.03644859813084112,0.04959422903516682,0.054079696394686905
3956,47,Saskatchewan,4718831,Grandmother's Bay 219,337.0,53,First Nations Communities,320.0,49,264.0,51,197,47,0.07547169811320754,-0.04081632653061224,0.0784313725490196,0.050445103857566766,0.175,0.2537878787878788
3957,47,Saskatchewan,4718832,Lac La Hache 220,1251.0,40,First Nations Communities,953.0,42,984.0,41,843,44,-0.05,0.023809523809523808,-0.07317073170731707,0.23820943245403678,-0.03252885624344176,0.14329268292682926
3959,47,Saskatchewan,4718839,Clearwater River Dene 222,778.0,42,First Nations Communities,658.0,39,584.0,52,548,45,0.07142857142857142,-0.3333333333333333,0.1346153846153846,0.15424164524421594,0.11246200607902736,0.06164383561643835
4010,48,Alberta,4803801,Piikani 147,1217.0,53,First Nations Communities,1300.0,54,1537.0,54,1662,52,-0.018867924528301886,0.0,0.037037037037037035,-0.06820049301561217,-0.1823076923076923,-0.08132726089785296
4011,48,Alberta,4803802,Blood 148,4679.0,47,First Nations Communities,4177.0,53,3852.0,50,4326,50,-0.1276595744680851,0.05660377358490566,0.0,0.10728788202607395,0.07780703854440986,-0.12305295950155763
4047,48,Alberta,4805802,Siksika 146,2972.0,57,First Nations Communities,2767.0,58,2767.0,53,2678,52,-0.017543859649122806,0.08620689655172414,0.018867924528301886,0.0689771197846568,0.0,0.032164799421756415
4068,48,Alberta,4806803,Eden Valley 216,587.0,37,First Nations Communities,370.0,41,509.0,36,432,43,-0.10810810810810811,0.12195121951219512,-0.19444444444444445,0.3696763202725724,-0.37567567567567567,0.1512770137524558
4130,48,Alberta,4808813,Montana 139,653.0,44,First Nations Communities,635.0,48,580.0,48,394,52,-0.09090909090909091,0.0,-0.08333333333333333,0.027565084226646247,0.08661417322834646,0.32068965517241377
4135,48,Alberta,4809806,O'Chiese 203,751.0,39,First Nations Communities,450.0,50,504.0,46,440,42,-0.28205128205128205,0.08,0.08695652173913043,0.4007989347536618,-0.12,0.12698412698412698
4136,48,Alberta,4809809,Sunchild 202,677.0,47,First Nations Communities,482.0,49,598.0,44,436,43,-0.0425531914893617,0.10204081632653061,0.022727272727272728,0.2880354505169867,-0.24066390041493776,0.2709030100334448
4137,48,Alberta,4809810,Big Horn 144A,134.0,21,First Nations Communities,161.0,45,192.0,40,124,44,-1.1428571428571428,0.1111111111111111,-0.1,-0.20149253731343283,-0.19254658385093168,0.3541666666666667
4222,48,Alberta,4811803,Louis Bull 138B,1309.0,44,First Nations Communities,1180.0,43,892.0,50,852,48,0.022727272727272728,-0.16279069767441862,0.04,0.0985485103132162,0.2440677966101695,0.04484304932735426
4224,48,Alberta,4811805,Alexander 134,1027.0,63,First Nations Communities,962.0,61,839.0,57,709,54,0.031746031746031744,0.06557377049180328,0.05263157894736842,0.06329113924050633,0.12785862785862787,0.15494636471990464
4225,48,Alberta,4811806,Wabamun 133A,1069.0,43,First Nations Communities,1088.0,46,998.0,45,858,43,-0.06976744186046512,0.021739130434782608,0.044444444444444446,-0.01777362020579981,0.08272058823529412,0.1402805611222445
4242,48,Alberta,4812802,Unipouheos 121,813.0,52,First Nations Communities,749.0,48,586.0,45,528,39,0.07692307692307693,0.0625,0.13333333333333333,0.07872078720787208,0.21762349799732977,0.09897610921501707
4243,48,Alberta,4812804,Puskiakiwenin 122,484.0,56,First Nations Communities,411.0,52,432.0,55,292,45,0.07142857142857142,-0.057692307692307696,0.18181818181818182,0.15082644628099173,-0.051094890510948905,0.32407407407407407
4245,48,Alberta,4812808,White Fish Lake 128,1188.0,58,First Nations Communities,1237.0,54,1175.0,50,1049,52,0.06896551724137931,0.07407407407407407,-0.04,-0.041245791245791245,0.050121261115602264,0.1072340425531915
4246,48,Alberta,4812810,Cold Lake 149,594.0,60,First Nations Communities,438.0,59,439.0,48,542,50,0.016666666666666666,0.1864406779661017,-0.041666666666666664,0.26262626262626265,-0.00228310502283105,-0.23462414578587698
4247,48,Alberta,4812811,Kehewin 123,1065.0,52,First Nations Communities,1007.0,51,991.0,42,854,48,0.019230769230769232,0.17647058823529413,-0.14285714285714285,0.054460093896713614,0.015888778550148957,0.13824419778002017
4249,48,Alberta,4812815,Cold Lake 149B,149.0,55,First Nations Communities,105.0,55,110.0,49,93,49,0.0,0.10909090909090909,0.0,0.2953020134228188,-0.047619047619047616,0.15454545454545454
4250,48,Alberta,4812828,Beaver Lake 131,423.0,58,First Nations Communities,379.0,47,390.0,52,306,40,0.1896551724137931,-0.10638297872340426,0.23076923076923078,0.10401891252955082,-0.029023746701846966,0.2153846153846154
4288,48,Alberta,4813811,Alexis 133,817.0,43,First Nations Communities,734.0,44,809.0,48,765,43,-0.023255813953488372,-0.09090909090909091,0.10416666666666667,0.10159118727050184,-0.10217983651226158,0.054388133498145856
4304,48,Alberta,4815802,"Stoney 142, 143, 144",3494.0,44,First Nations Communities,2529.0,48,2173.0,38,2157,44,-0.09090909090909091,0.20833333333333334,-0.15789473684210525,0.2761877504293074,0.14076710162119416,0.007363092498849517
4307,48,Alberta,4816817,Janvier 194,295.0,62,First Nations Communities,271.0,50,252.0,52,254,52,0.1935483870967742,-0.04,0.0,0.08135593220338982,0.07011070110701106,-0.007936507936507936
4308,48,Alberta,4816821,Gregoire Lake 176,274.0,58,First Nations Communities,81.0,61,105.0,61,70,62,-0.05172413793103448,0.0,-0.01639344262295082,0.7043795620437956,-0.2962962962962963,0.3333333333333333
4318,48,Alberta,4816859,Fort Mackay,562.0,76,First Nations Communities,521.0,65,437.0,62,347,57,0.14473684210526316,0.046153846153846156,0.08064516129032258,0.07295373665480427,0.16122840690978887,0.20594965675057209
4338,48,Alberta,4817819,Wabasca 166A,738.0,58,First Nations Communities,648.0,49,510.0,48,488,45,0.15517241379310345,0.02040816326530612,0.0625,0.12195121951219512,0.21296296296296297,0.043137254901960784
4340,48,Alberta,4817822,Wabasca 166C,182.0,49,First Nations Communities,173.0,45,182.0,35,187,41,0.08163265306122448,0.2222222222222222,-0.17142857142857143,0.04945054945054945,-0.05202312138728324,-0.027472527472527472
4341,48,Alberta,4817823,Wabasca 166D,885.0,61,First Nations Communities,863.0,55,860.0,52,496,50,0.09836065573770492,0.05454545454545454,0.038461538461538464,0.024858757062146894,0.0034762456546929316,0.4232558139534884
4345,48,Alberta,4817828,Drift Pile River 150,800.0,57,First Nations Communities,720.0,57,655.0,56,622,56,0.0,0.017543859649122806,0.0,0.1,0.09027777777777778,0.050381679389312976
4346,48,Alberta,4817829,Sucker Creek 150A,677.0,63,First Nations Communities,594.0,62,549.0,65,471,61,0.015873015873015872,-0.04838709677419355,0.06153846153846154,0.12259970457902511,0.07575757575757576,0.14207650273224043
4348,48,Alberta,4817831,Swan River 150E,312.0,63,First Nations Communities,305.0,60,307.0,62,303,58,0.047619047619047616,-0.03333333333333333,0.06451612903225806,0.022435897435897436,-0.006557377049180328,0.013029315960912053
4351,48,Alberta,4817835,Fox Lake 162,1875.0,37,First Nations Communities,1753.0,39,1254.0,37,1290,37,-0.05405405405405406,0.05128205128205128,0.0,0.06506666666666666,0.28465487735310896,-0.028708133971291867
4353,48,Alberta,4817837,John d'Or Prairie 215,1123.0,44,First Nations Communities,1025.0,47,851.0,42,713,46,-0.06818181818181818,0.10638297872340426,-0.09523809523809523,0.08726625111308994,0.16975609756097562,0.16216216216216217
4355,48,Alberta,4817840,Tall Cree 173A,163.0,54,First Nations Communities,123.0,56,183.0,52,190,49,-0.037037037037037035,0.07142857142857142,0.057692307692307696,0.24539877300613497,-0.4878048780487805,-0.03825136612021858
4358,48,Alberta,4817843,Child Lake 164A,188.0,56,First Nations Communities,160.0,61,156.0,65,121,55,-0.08928571428571429,-0.06557377049180328,0.15384615384615385,0.14893617021276595,0.025,0.22435897435897437
4359,48,Alberta,4817845,Hay Lake 209,949.0,47,First Nations Communities,951.0,46,915.0,48,838,43,0.02127659574468085,-0.043478260869565216,0.10416666666666667,-0.002107481559536354,0.03785488958990536,0.08415300546448087
4360,48,Alberta,4817848,Bushe River 207,492.0,50,First Nations Communities,400.0,53,318.0,62,166,50,-0.06,-0.16981132075471697,0.1935483870967742,0.18699186991869918,0.205,0.4779874213836478
4361,48,Alberta,4817849,Upper Hay River 212,292.0,46,First Nations Communities,289.0,47,347.0,43,338,40,-0.021739130434782608,0.0851063829787234,0.06976744186046512,0.010273972602739725,-0.20069204152249134,0.025936599423631124
4366,48,Alberta,4817856,Woodland Cree 226,706.0,51,First Nations Communities,439.0,54,417.0,53,316,55,-0.058823529411764705,0.018518518518518517,-0.03773584905660377,0.3781869688385269,0.05011389521640091,0.2422062350119904
4375,48,Alberta,4818816,Sturgeon Lake 154,1162.0,60,First Nations Communities,1051.0,55,871.0,51,910,45,0.08333333333333333,0.07272727272727272,0.11764705882352941,0.09552495697074011,0.17126546146527116,-0.04477611940298507
4399,48,Alberta,4819815,Horse Lakes 152B,402.0,60,First Nations Communities,335.0,56,324.0,53,322,54,0.06666666666666667,0.05357142857142857,-0.018867924528301886,0.16666666666666666,0.03283582089552239,0.006172839506172839
4417,59,British Columbia,5901803,Kootenay 1,104.0,62,First Nations Communities,159.0,67,166.0,68,160,66,-0.08064516129032258,-0.014925373134328358,0.029411764705882353,-0.5288461538461539,-0.0440251572327044,0.03614457831325301
4418,59,British Columbia,5901804,Columbia Lake 3,131.0,65,First Nations Communities,153.0,68,165.0,71,176,70,-0.046153846153846156,-0.04411764705882353,0.014084507042253521,-0.16793893129770993,-0.0784313725490196,-0.06666666666666667
4420,59,British Columbia,5901806,Shuswap,293.0,78,First Nations Communities,169.0,75,176.0,66,180,73,0.038461538461538464,0.12,-0.10606060606060606,0.4232081911262799,-0.04142011834319527,-0.022727272727272728
4441,59,British Columbia,5903807,Creston 1,113.0,61,First Nations Communities,124.0,68,122.0,69,113,70,-0.11475409836065574,-0.014705882352941176,-0.014492753623188406,-0.09734513274336283,0.016129032258064516,0.07377049180327869
4470,59,British Columbia,5907802,Osoyoos 1,628.0,73,First Nations Communities,599.0,72,567.0,71,523,71,0.0136986301369863,0.013888888888888888,0.0,0.04617834394904458,0.05342237061769616,0.07760141093474426
4471,59,British Columbia,5907803,Penticton 1,1667.0,72,First Nations Communities,1470.0,71,901.0,69,1073,74,0.013888888888888888,0.028169014084507043,-0.07246376811594203,0.11817636472705459,0.3870748299319728,-0.19089900110987792
4490,59,British Columbia,5909804,Chawathil 4,163.0,61,First Nations Communities,171.0,58,152.0,57,145,51,0.04918032786885246,0.017241379310344827,0.10526315789473684,-0.049079754601226995,0.1111111111111111,0.046052631578947366
4497,59,British Columbia,5909812,Schkam 2,132.0,45,First Nations Communities,138.0,58,129.0,56,65,55,-0.28888888888888886,0.034482758620689655,0.017857142857142856,-0.045454545454545456,0.06521739130434782,0.49612403100775193
4503,59,British Columbia,5909819,Kahmoose 4,88.0,60,First Nations Communities,73.0,66,65.0,65,66,62,-0.1,0.015151515151515152,0.046153846153846156,0.17045454545454544,0.1095890410958904,-0.015384615384615385
4504,59,British Columbia,5909821,Kwawkwawapilt 6,342.0,72,First Nations Communities,351.0,74,360.0,73,358,66,-0.027777777777777776,0.013513513513513514,0.0958904109589041,-0.02631578947368421,-0.02564102564102564,0.005555555555555556
4505,59,British Columbia,5909824,Skwah 4,216.0,57,First Nations Communities,230.0,58,205.0,58,219,52,-0.017543859649122806,0.0,0.10344827586206896,-0.06481481481481481,0.10869565217391304,-0.06829268292682927
4508,59,British Columbia,5909827,Soowahlie 14,187.0,62,First Nations Communities,211.0,65,234.0,64,191,67,-0.04838709677419355,0.015384615384615385,-0.046875,-0.12834224598930483,-0.10900473933649289,0.18376068376068377
4509,59,British Columbia,5909830,Tzeachten 13,1467.0,74,First Nations Communities,1188.0,74,683.0,73,575,68,0.0,0.013513513513513514,0.0684931506849315,0.1901840490797546,0.42508417508417506,0.1581259150805271
4516,59,British Columbia,5909837,Cheam 1,223.0,61,First Nations Communities,205.0,58,212.0,60,164,62,0.04918032786885246,-0.034482758620689655,-0.03333333333333333,0.08071748878923767,-0.03414634146341464,0.22641509433962265
4518,59,British Columbia,5909839,Chehalis 5,537.0,60,First Nations Communities,560.0,59,460.0,61,476,56,0.016666666666666666,-0.03389830508474576,0.08196721311475409,-0.04283054003724395,0.17857142857142858,-0.034782608695652174
4531,59,British Columbia,5909878,Matsqui Main 2,81.0,59,First Nations Communities,75.0,64,73.0,57,66,61,-0.0847457627118644,0.109375,-0.07017543859649122,0.07407407407407407,0.02666666666666667,0.0958904109589041
4532,59,British Columbia,5909879,Holachten 8,316.0,71,First Nations Communities,266.0,67,322.0,74,283,68,0.056338028169014086,-0.1044776119402985,0.08108108108108109,0.15822784810126583,-0.21052631578947367,0.12111801242236025
4533,59,British Columbia,5909880,Lakahahmen 11,185.0,68,First Nations Communities,214.0,66,242.0,55,206,68,0.029411764705882353,0.16666666666666666,-0.23636363636363636,-0.15675675675675677,-0.1308411214953271,0.1487603305785124
4535,59,British Columbia,5909882,Squawkum Creek 3,108.0,63,First Nations Communities,97.0,57,83.0,59,65,55,0.09523809523809523,-0.03508771929824561,0.06779661016949153,0.10185185185185185,0.14432989690721648,0.21686746987951808
4561,59,British Columbia,5915801,Semiahmoo,108.0,76,First Nations Communities,109.0,75,131.0,73,200,60,0.013157894736842105,0.02666666666666667,0.1780821917808219,-0.009259259259259259,-0.2018348623853211,-0.5267175572519084
4562,59,British Columbia,5915802,Tsawwassen,720.0,86,First Nations Communities,674.0,89,474.0,81,512,78,-0.03488372093023256,0.0898876404494382,0.037037037037037035,0.06388888888888888,0.29673590504451036,-0.08016877637130802
4563,59,British Columbia,5915803,Musqueam 2,1569.0,83,First Nations Communities,1371.0,79,1305.0,82,1392,83,0.04819277108433735,-0.0379746835443038,-0.012195121951219513,0.12619502868068833,0.04814004376367615,-0.06666666666666667
4568,59,British Columbia,5915808,Capilano 5,2700.0,78,First Nations Communities,2492.0,77,2230.0,78,2141,77,0.01282051282051282,-0.012987012987012988,0.01282051282051282,0.07703703703703704,0.10513643659711075,0.03991031390134529
4574,59,British Columbia,5915825,Matsqui 4,498.0,71,First Nations Communities,426.0,70,417.0,66,443,67,0.014084507042253521,0.05714285714285714,-0.015151515151515152,0.14457831325301204,0.02112676056338028,-0.06235011990407674
4575,59,British Columbia,5915830,Katzie 1,229.0,62,First Nations Communities,246.0,60,224.0,59,176,55,0.03225806451612903,0.016666666666666666,0.06779661016949153,-0.07423580786026202,0.08943089430894309,0.21428571428571427
4597,59,British Columbia,5917803,East Saanich 2,1709.0,75,First Nations Communities,1637.0,73,1429.0,70,1470,68,0.02666666666666667,0.0410958904109589,0.02857142857142857,0.042129900526623756,0.12706169822846672,-0.028691392582225334
4603,59,British Columbia,5917815,Gordon River 2,96.0,61,First Nations Communities,101.0,57,105.0,63,88,64,0.06557377049180328,-0.10526315789473684,-0.015873015873015872,-0.052083333333333336,-0.039603960396039604,0.1619047619047619
4618,59,British Columbia,5919801,Halalt 2,160.0,58,First Nations Communities,152.0,59,115.0,53,132,61,-0.017241379310344827,0.1016949152542373,-0.1509433962264151,0.05,0.24342105263157895,-0.14782608695652175
4620,59,British Columbia,5919803,Tsussie 6,88.0,55,First Nations Communities,73.0,49,67.0,42,86,46,0.10909090909090909,0.14285714285714285,-0.09523809523809523,0.17045454545454544,0.0821917808219178,-0.2835820895522388
4621,59,British Columbia,5919804,Chemainus 13,683.0,51,First Nations Communities,684.0,50,557.0,48,557,47,0.0196078431372549,0.04,0.020833333333333332,-0.0014641288433382138,0.18567251461988304,0.0
4626,59,British Columbia,5919814,Malachan 11,162.0,60,First Nations Communities,199.0,64,184.0,64,163,59,-0.06666666666666667,0.0,0.078125,-0.22839506172839505,0.07537688442211055,0.11413043478260869
4646,59,British Columbia,5921805,Nanoose,204.0,63,First Nations Communities,191.0,56,207.0,61,190,64,0.1111111111111111,-0.08928571428571429,-0.04918032786885246,0.06372549019607843,-0.08376963350785341,0.0821256038647343
4658,59,British Columbia,5923801,Ahahswinis 1,160.0,66,First Nations Communities,148.0,65,117.0,67,101,68,0.015151515151515152,-0.03076923076923077,-0.014925373134328358,0.075,0.20945945945945946,0.13675213675213677
4664,59,British Columbia,5923807,Ittatsoo 1,240.0,66,First Nations Communities,200.0,61,208.0,51,191,55,0.07575757575757576,0.16393442622950818,-0.0784313725490196,0.16666666666666666,-0.04,0.08173076923076923
4668,59,British Columbia,5923813,Opitsat 1,156.0,62,First Nations Communities,174.0,47,148.0,49,151,50,0.24193548387096775,-0.0425531914893617,-0.02040816326530612,-0.11538461538461539,0.14942528735632185,-0.02027027027027027
4672,59,British Columbia,5923823,Esowista 3,176.0,57,First Nations Communities,160.0,54,140.0,56,125,58,0.05263157894736842,-0.037037037037037035,-0.03571428571428571,0.09090909090909091,0.125,0.10714285714285714
4673,59,British Columbia,5923824,Refuge Cove 6,72.0,64,First Nations Communities,103.0,62,77.0,67,91,56,0.03125,-0.08064516129032258,0.16417910447761194,-0.4305555555555556,0.2524271844660194,-0.18181818181818182
4722,59,British Columbia,5929803,Sechelt (Part),797.0,73,First Nations Communities,827.0,70,795.0,63,736,67,0.0410958904109589,0.1,-0.06349206349206349,-0.037641154328732745,0.03869407496977025,0.07421383647798742
4735,59,British Columbia,5931808,Waiwakum 14,111.0,67,First Nations Communities,103.0,65,91.0,57,100,60,0.029850746268656716,0.12307692307692308,-0.05263157894736842,0.07207207207207207,0.11650485436893204,-0.0989010989010989
4738,59,British Columbia,5931813,Bridge River 1,236.0,64,First Nations Communities,208.0,65,214.0,60,131,61,-0.015625,0.07692307692307693,-0.016666666666666666,0.11864406779661017,-0.028846153846153848,0.3878504672897196
4741,59,British Columbia,5931816,Fountain  1,130.0,58,First Nations Communities,165.0,66,159.0,64,158,63,-0.13793103448275862,0.030303030303030304,0.015625,-0.2692307692307692,0.03636363636363636,0.006289308176100629
4746,59,British Columbia,5931821,Lillooet 1,222.0,70,First Nations Communities,195.0,62,197.0,68,188,68,0.11428571428571428,-0.0967741935483871,0.0,0.12162162162162163,-0.010256410256410256,0.04568527918781726
4781,59,British Columbia,5933801,Coldwater 1,349.0,63,First Nations Communities,254.0,63,263.0,62,282,61,0.0,0.015873015873015872,0.016129032258064516,0.2722063037249284,-0.03543307086614173,-0.07224334600760456
4786,59,British Columbia,5933807,Nicola Mameet 1,603.0,63,First Nations Communities,483.0,65,442.0,65,385,64,-0.031746031746031744,0.0,0.015384615384615385,0.19900497512437812,0.08488612836438923,0.12895927601809956
4787,59,British Columbia,5933808,Nooaitch 10,127.0,64,First Nations Communities,120.0,68,119.0,64,121,54,-0.0625,0.058823529411764705,0.15625,0.05511811023622047,0.008333333333333333,-0.01680672268907563
4791,59,British Columbia,5933812,Bonaparte 3,138.0,67,First Nations Communities,127.0,60,129.0,64,122,66,0.1044776119402985,-0.06666666666666667,-0.03125,0.07971014492753623,-0.015748031496062992,0.05426356589147287
4804,59,British Columbia,5933832,Klickkumcheen 18,87.0,66,First Nations Communities,104.0,65,101.0,66,96,60,0.015151515151515152,-0.015384615384615385,0.09090909090909091,-0.19540229885057472,0.028846153846153848,0.04950495049504951
4822,59,British Columbia,5933853,Nuuautin 2,128.0,59,First Nations Communities,118.0,69,119.0,63,123,58,-0.1694915254237288,0.08695652173913043,0.07936507936507936,0.078125,-0.00847457627118644,-0.03361344537815126
4841,59,British Columbia,5933880,Kamloops 1,2577.0,82,First Nations Communities,1786.0,75,1410.0,71,1023,70,0.08536585365853659,0.05333333333333334,0.014084507042253521,0.3069460613116026,0.21052631578947367,0.274468085106383
4846,59,British Columbia,5933887,North Thompson 1,252.0,73,First Nations Communities,236.0,72,237.0,75,220,71,0.0136986301369863,-0.041666666666666664,0.05333333333333334,0.06349206349206349,-0.00423728813559322,0.07172995780590717
4859,59,British Columbia,5935802,Tsinstikeptum  9,5882.0,78,First Nations Communities,5171.0,77,5022.0,73,4545,71,0.01282051282051282,0.05194805194805195,0.0273972602739726,0.12087725263515811,0.028814542641655387,0.09498207885304659
4860,59,British Columbia,5935803,Tsinstikeptum 10,1186.0,82,First Nations Communities,1036.0,81,856.0,81,784,81,0.012195121951219513,0.0,0.0,0.12647554806070826,0.17374517374517376,0.08411214953271028
4872,59,British Columbia,5937801,Okanagan (Part) 1,2604.0,74,First Nations Communities,2192.0,74,1800.0,69,1438,69,0.0,0.06756756756756757,0.0,0.15821812596006143,0.17883211678832117,0.2011111111111111
4874,59,British Columbia,5937803,Priest's Valley 6,598.0,77,First Nations Communities,653.0,76,436.0,73,423,71,0.012987012987012988,0.039473684210526314,0.0273972602739726,-0.09197324414715718,0.332312404287902,0.02981651376146789
4889,59,British Columbia,5939804,Okanagan (Part) 1,69.0,65,First Nations Communities,92.0,68,95.0,61,67,64,-0.046153846153846156,0.10294117647058823,-0.04918032786885246,-0.3333333333333333,-0.03260869565217391,0.29473684210526313
4890,59,British Columbia,5939805,Quaaout 1,234.0,72,First Nations Communities,186.0,71,230.0,69,209,71,0.013888888888888888,0.028169014084507043,-0.028985507246376812,0.20512820512820512,-0.23655913978494625,0.09130434782608696
4911,59,British Columbia,5941801,Alkali Lake 1,353.0,59,First Nations Communities,363.0,59,396.0,58,350,61,0.0,0.01694915254237288,-0.05172413793103448,-0.028328611898016998,-0.09090909090909091,0.11616161616161616
4912,59,British Columbia,5941802,Canim Lake 1,224.0,65,First Nations Communities,243.0,66,232.0,59,231,66,-0.015384615384615385,0.10606060606060606,-0.11864406779661017,-0.08482142857142858,0.04526748971193416,0.004310344827586207
4916,59,British Columbia,5941806,Dog Creek 1,80.0,63,First Nations Communities,109.0,56,100.0,67,88,60,0.1111111111111111,-0.19642857142857142,0.1044776119402985,-0.3625,0.08256880733944955,0.12
4985,59,British Columbia,5943806,Tsulquate 4,491.0,52,First Nations Communities,432.0,43,387.0,45,387,49,0.17307692307692307,-0.046511627906976744,-0.08888888888888889,0.12016293279022404,0.10416666666666667,0.0
4990,59,British Columbia,5943815,Kippase 2,211.0,62,First Nations Communities,271.0,58,269.0,66,287,59,0.06451612903225806,-0.13793103448275862,0.10606060606060606,-0.2843601895734597,0.007380073800738007,-0.06691449814126393
4991,59,British Columbia,5943816,Quatsino Subdivision 18,214.0,62,First Nations Communities,234.0,54,198.0,63,217,61,0.12903225806451613,-0.16666666666666666,0.031746031746031744,-0.09345794392523364,0.15384615384615385,-0.09595959595959595
4999,59,British Columbia,5945801,Bella Bella 1,1095.0,59,First Nations Communities,1066.0,57,1253.0,64,1211,62,0.03389830508474576,-0.12280701754385964,0.03125,0.026484018264840183,-0.175422138836773,0.0335195530726257
5012,59,British Columbia,5947804,Skidegate 1,709.0,71,First Nations Communities,781.0,68,743.0,68,695,70,0.04225352112676056,0.0,-0.029411764705882353,-0.10155148095909731,0.04865556978233035,0.06460296096904442
5014,59,British Columbia,5947807,Dolphin Island 1,405.0,45,First Nations Communities,417.0,40,368.0,52,451,50,0.1111111111111111,-0.3,0.038461538461538464,-0.02962962962962963,0.11750599520383694,-0.22554347826086957
5030,59,British Columbia,5949802,Kitasoo 1,322.0,55,First Nations Communities,282.0,49,295.0,59,311,54,0.10909090909090909,-0.20408163265306123,0.0847457627118644,0.12422360248447205,-0.04609929078014184,-0.05423728813559322
5034,59,British Columbia,5949807,Kulspai 6,95.0,64,First Nations Communities,98.0,57,75.0,57,95,61,0.109375,0.0,-0.07017543859649122,-0.031578947368421054,0.23469387755102042,-0.26666666666666666
5035,59,British Columbia,5949810,Coryatsaqua (Moricetown) 2,88.0,64,First Nations Communities,170.0,67,159.0,55,151,54,-0.046875,0.1791044776119403,0.01818181818181818,-0.9318181818181818,0.06470588235294118,0.050314465408805034
5036,59,British Columbia,5949811,Hagwilget 1,238.0,56,First Nations Communities,229.0,58,237.0,59,262,62,-0.03571428571428571,-0.017241379310344827,-0.05084745762711865,0.037815126050420166,-0.034934497816593885,-0.10548523206751055
5037,59,British Columbia,5949812,Gitanmaax 1,627.0,65,First Nations Communities,723.0,61,693.0,61,638,63,0.06153846153846154,0.0,-0.03278688524590164,-0.15311004784688995,0.04149377593360996,0.07936507936507936
5038,59,British Columbia,5949813,Kispiox 1,536.0,57,First Nations Communities,617.0,56,651.0,60,553,59,0.017543859649122806,-0.07142857142857142,0.016666666666666666,-0.15111940298507462,-0.055105348460291734,0.15053763440860216
5041,59,British Columbia,5949816,Gitwangak 1,500.0,51,First Nations Communities,465.0,55,475.0,50,481,58,-0.0784313725490196,0.09090909090909091,-0.16,0.07,-0.021505376344086023,-0.01263157894736842
5042,59,British Columbia,5949817,Moricetown 1,259.0,61,First Nations Communities,227.0,54,190.0,59,259,54,0.11475409836065574,-0.09259259259259259,0.0847457627118644,0.12355212355212356,0.16299559471365638,-0.3631578947368421
5043,59,British Columbia,5949818,Sik-e-dakh 2,222.0,56,First Nations Communities,225.0,61,171.0,62,177,66,-0.08928571428571429,-0.01639344262295082,-0.06451612903225806,-0.013513513513513514,0.24,-0.03508771929824561
5044,59,British Columbia,5949819,Babine 17,175.0,58,First Nations Communities,154.0,56,157.0,50,121,58,0.034482758620689655,0.10714285714285714,-0.16,0.12,-0.01948051948051948,0.22929936305732485
5047,59,British Columbia,5949832,Iskut 6,207.0,65,First Nations Communities,335.0,63,283.0,60,271,58,0.03076923076923077,0.047619047619047616,0.03333333333333333,-0.6183574879227053,0.15522388059701492,0.04240282685512368
5069,59,British Columbia,5951802,Nautley (Fort Fraser) 1,201.0,49,First Nations Communities,153.0,57,200.0,55,209,57,-0.16326530612244897,0.03508771929824561,-0.03636363636363636,0.23880597014925373,-0.30718954248366015,-0.045
5070,59,British Columbia,5951803,Nak'azdli (Necoslie 1),534.0,58,First Nations Communities,495.0,56,469.0,55,511,58,0.034482758620689655,0.017857142857142856,-0.05454545454545454,0.07303370786516854,0.052525252525252523,-0.08955223880597014
5074,59,British Columbia,5951807,Stellaquo (Stella) 1,205.0,69,First Nations Communities,186.0,62,172.0,62,166,60,0.10144927536231885,0.0,0.03225806451612903,0.09268292682926829,0.07526881720430108,0.03488372093023256
5075,59,British Columbia,5951809,Stony Creek 1,332.0,54,First Nations Communities,384.0,50,413.0,49,382,52,0.07407407407407407,0.02,-0.061224489795918366,-0.1566265060240964,-0.07552083333333333,0.07506053268765134
5081,59,British Columbia,5951818,Cheslatta 1,84.0,50,First Nations Communities,86.0,54,69.0,50,87,49,-0.08,0.07407407407407407,0.02,-0.023809523809523808,0.19767441860465115,-0.2608695652173913
5090,59,British Columbia,5951827,Woyenne 27,301.0,51,First Nations Communities,614.0,59,593.0,47,695,56,-0.1568627450980392,0.2033898305084746,-0.19148936170212766,-1.0398671096345515,0.03420195439739414,-0.17200674536256325
5091,59,British Columbia,5951828,Babine  6,93.0,52,First Nations Communities,78.0,41,77.0,46,128,52,0.21153846153846154,-0.12195121951219512,-0.13043478260869565,0.16129032258064516,0.01282051282051282,-0.6623376623376623
5092,59,British Columbia,5951829,Babine 25,81.0,48,First Nations Communities,105.0,49,86.0,44,116,44,-0.020833333333333332,0.10204081632653061,0.0,-0.2962962962962963,0.18095238095238095,-0.3488372093023256
5128,59,British Columbia,5955803,Blueberry River 205,210.0,53,First Nations Communities,187.0,50,136.0,42,205,48,0.05660377358490566,0.16,-0.14285714285714285,0.10952380952380952,0.2727272727272727,-0.5073529411764706
5130,59,British Columbia,5955807,Fort Ware 1,250.0,54,First Nations Communities,239.0,44,215.0,46,222,38,0.18518518518518517,-0.045454545454545456,0.17391304347826086,0.044,0.100418410041841,-0.03255813953488372
5147,60,Yukon,6001007,Teslin Post 13,138.0,68,First Nations Communities,156.0,72,144.0,66,120,64,-0.058823529411764705,0.08333333333333333,0.030303030303030304,-0.13043478260869565,0.07692307692307693,0.16666666666666666
5153,60,Yukon,6001018,Haines Junction,593.0,83,First Nations Communities,589.0,80,531.0,79,574,76,0.03614457831325301,0.0125,0.0379746835443038,0.006745362563237774,0.09847198641765705,-0.08097928436911488
5158,60,Yukon,6001032,Upper Liard,132.0,58,First Nations Communities,178.0,58,159.0,63,111,59,0.0,-0.08620689655172414,0.06349206349206349,-0.3484848484848485,0.10674157303370786,0.3018867924528302
5162,60,Yukon,6001037,Ross River,352.0,69,First Nations Communities,313.0,68,337.0,62,352,66,0.014492753623188406,0.08823529411764706,-0.06451612903225806,0.11079545454545454,-0.07667731629392971,-0.04451038575667656
5165,60,Yukon,6001041,Pelly Crossing,336.0,62,First Nations Communities,296.0,71,328.0,72,238,66,-0.14516129032258066,-0.014084507042253521,0.08333333333333333,0.11904761904761904,-0.10810810810810811,0.27439024390243905
5166,60,Yukon,6001042,Beaver Creek,103.0,83,First Nations Communities,112.0,83,88.0,81,131,78,0.0,0.024096385542168676,0.037037037037037035,-0.08737864077669903,0.21428571428571427,-0.48863636363636365
5167,60,Yukon,6001043,Old Crow,245.0,76,First Nations Communities,253.0,71,299.0,70,278,64,0.06578947368421052,0.014084507042253521,0.08571428571428572,-0.0326530612244898,-0.18181818181818182,0.07023411371237458
5172,60,Yukon,6001048,Carcross,289.0,74,First Nations Communities,331.0,74,152.0,70,196,71,0.0,0.05405405405405406,-0.014285714285714285,-0.1453287197231834,0.540785498489426,-0.2894736842105263
5219,61,Northwest Territories,6106021,Detah,210.0,64,First Nations Communities,247.0,65,234.0,63,190,57,-0.015625,0.03076923076923077,0.09523809523809523,-0.1761904761904762,0.05263157894736842,0.18803418803418803
